{"acc_train": 0.7769886844664187, "loss_train": 0.08005385926805732, "acc_val": 0.7688087774294671, "loss_val": 0.08229247165568844, "f1_score": 0.769942901921466, "_timestamp": 1686760673.4359992, "_runtime": 1553.629672050476, "_step": 48, "_wandb": {"runtime": 1580}}