{"acc_train": 0.7856719772792856, "loss_train": 0.0777632074072839, "acc_val": 0.7838071806087115, "loss_val": 0.08035543638908964, "f1_score": 0.7846078775749035, "_timestamp": 1686749082.6012454, "_runtime": 3089.1809945106506, "_step": 51, "_wandb": {"runtime": 3162}}