{"acc_train": 0.7816016888659387, "loss_train": 0.07863494722862253, "acc_val": 0.777063969382176, "loss_val": 0.08093147128940423, "_timestamp": 1686689602.3650568, "_runtime": 2755.083387851715, "_step": 99, "_wandb": {"runtime": 2753}}