{"acc_train": 0.7641915870581029, "loss_train": 0.08629717954931403, "acc_val": 0.7691361399671952, "loss_val": 0.08631304757785722, "f1_score": 0.7700048727410918, "_timestamp": 1686745860.0682929, "_runtime": 486.88853788375854, "_step": 6, "_wandb": {"runtime": 488}}