{"acc_train": 0.7684491897392282, "loss_train": 0.08264693091845719, "acc_val": 0.7585201385092035, "loss_val": 0.08631673795854117, "f1_score": 0.7593806401355366, "_timestamp": 1686744921.0602317, "_runtime": 6182.73773765564, "_step": 99, "_wandb": {"runtime": 6177}}