{"acc_train": 0.7848771572781719, "loss_train": 0.07798060342282633, "acc_val": 0.7806633861855294, "loss_val": 0.07989152265439387, "f1_score": 0.7814377060983048, "_timestamp": 1686696211.3804042, "_runtime": 2798.6210322380066, "_step": 99, "_wandb": {"runtime": 2797}}