{"acc_train": 0.7815156255537161, "loss_train": 0.07926350755843241, "acc_val": 0.7751047931474394, "loss_val": 0.08182715957182711, "f1_score": 0.7759940052781695, "_timestamp": 1686753637.1038713, "_runtime": 2632.8817343711853, "_step": 56, "_wandb": {"runtime": 2659}}