{"acc_train": 0.7855352884892851, "loss_train": 0.07762931990336737, "acc_val": 0.7808911973756151, "loss_val": 0.08040660702947164, "f1_score": 0.7816715261874275, "_timestamp": 1686699862.2592642, "_runtime": 2761.544335126877, "_step": 99, "_wandb": {"runtime": 2760}}