{"acc_train": 0.7846189673415043, "loss_train": 0.07746608716057504, "acc_val": 0.7797065791871697, "loss_val": 0.0802586252851715, "f1_score": 0.7797065791871697, "_timestamp": 1686693001.6092768, "_runtime": 2761.804319858551, "_step": 99, "_wandb": {"runtime": 2760}}